"id","user_id","original_idea","generated_idea","created_at"
"016c4b22-2021-4211-974c-28ca53ef8685","e1aaf66a-c4b2-4bd7-a158-c79564d41fbf",,"Automated video subtitle generator for content creators","""2025-10-27T08:44:27.117Z"""
"01997e5e-fde0-43aa-abc1-91dc2f6807ef","b43f5544-b806-46c0-a0bf-2208a7be9c95","Switcher is an AI-powered service that analyzes your electricity, gas, internet, mobile, and insurance plans, finds better offers, and switches them for you. Automatically.","Switcher is an AI-powered service that analyzes your electricity, gas, internet, mobile, and insurance plans, finds better offers, and switches them for you. Automatically.","""2025-10-28T09:37:30.107Z"""
"02ca798a-09cb-4f89-918e-e6e82ecb8b07","e1aaf66a-c4b2-4bd7-a158-c79564d41fbf",,"AI video summarizer for busy content creators","""2025-10-27T16:01:14.416Z"""
"04333be7-e838-4404-b44f-3f28b972a7e6","e1aaf66a-c4b2-4bd7-a158-c79564d41fbf",,"Decision-making assistant for overwhelmed medical students","""2025-10-27T16:08:53.035Z"""
"07fd094a-86f6-4104-bf1e-0bb4e83cab96","e1aaf66a-c4b2-4bd7-a158-c79564d41fbf","assistance dog training","assistance dog training","""2025-10-27T16:32:14.893Z"""
"081b7945-449f-4a89-9d7b-b66d2d66ed77","e1aaf66a-c4b2-4bd7-a158-c79564d41fbf",,"Automated setlist generator for live musicians.","""2025-10-27T09:25:57.858Z"""
"0889a317-17e5-4232-9073-ca2ca583d0be","e1aaf66a-c4b2-4bd7-a158-c79564d41fbf",,"Data insights dashboard for new parents’ needs","""2025-10-27T13:45:27.717Z"""
"094351c8-565b-4abb-adaf-6b2a81772529","e1aaf66a-c4b2-4bd7-a158-c79564d41fbf",,"Expense tracker specifically for niche online gig workers","""2025-10-27T16:30:43.152Z"""
"0a25a580-2c63-4119-979e-ced3c52cb525","e1aaf66a-c4b2-4bd7-a158-c79564d41fbf","azertyuiop","azertyuiop","""2025-10-27T14:34:02.700Z"""
"0debd8c3-0279-4f3d-9698-060b0386235f","e1aaf66a-c4b2-4bd7-a158-c79564d41fbf",,"Affordable analytics dashboard for fantasy league players","""2025-10-27T14:27:58.400Z"""
"0ea25b9b-2686-47e9-83d2-1ff9d8d4aea8","b96cf5bf-c134-460e-a711-8d788e96b7c4","chronicles of narnia","chronicles of narnia","""2025-10-29T18:00:07.128Z"""
"112349e1-ded1-4d7b-8b54-55431f4ccbda","afa34fb5-4d22-4ab7-adc9-19336d12a452","AI tutor for math students","AI tutor for math students","""2025-10-27T16:12:34.564Z"""
"11663921-cf0c-4cd3-b0cf-460f9b0dcd81","e1aaf66a-c4b2-4bd7-a158-c79564d41fbf",,"Automated quiz generator for online course creators","""2025-10-27T16:54:58.051Z"""
"15dcb58b-3b38-45f4-a9e5-1356e89c7d50","d5afc6d7-58c1-445c-87cc-3e57d8ed24f2",,"Bias-checking tool for tabletop RPG players","""2025-10-25T11:52:36.830Z"""
"15ff7464-e19c-4f71-89b3-1934c9402087","e1aaf66a-c4b2-4bd7-a158-c79564d41fbf",,"Personalized renovation coach for DIY home renovators","""2025-10-27T13:36:17.506Z"""
"1804e419-f36e-4777-af51-24759213623a","e1aaf66a-c4b2-4bd7-a158-c79564d41fbf","chypre sandals","chypre sandals","""2025-10-28T21:00:10.400Z"""
"18239337-ac57-4354-a46a-2387c70b19de","e1aaf66a-c4b2-4bd7-a158-c79564d41fbf",,"Audience engagement tracker for healthcare professionals","""2025-10-28T13:21:22.816Z"""
"1b10b1ed-1a85-4e71-93a8-24f73d482e01","e1aaf66a-c4b2-4bd7-a158-c79564d41fbf",,"AI brainstorming tool for content creators' inspiration","""2025-10-27T13:11:14.606Z"""
"1b3a5f0c-1248-4bee-918d-66a283a1d5b8","cf165fbe-42f9-4384-a3e2-ec581a0357a1","Direct mail","Direct mail","""2025-10-28T11:00:48.034Z"""
"1d7bdd86-010a-4508-a1af-45b972a82691","afa34fb5-4d22-4ab7-adc9-19336d12a452","AI math tutor for students","AI math tutor for students","""2025-10-27T16:09:55.616Z"""
"1ec6a04f-ffc6-4a90-a10f-c4ec33b7abb4","afa34fb5-4d22-4ab7-adc9-19336d12a452","AI algebra tutor","AI algebra tutor","""2025-10-27T16:11:17.474Z"""
"1ef4e8a3-6ab9-4968-a07d-8dc4c66282f0","e1aaf66a-c4b2-4bd7-a158-c79564d41fbf","social content tool","social content tool","""2025-10-27T11:05:44.447Z"""
"1f65af43-1a50-4dcf-aea1-e06559bc9dde","afa34fb5-4d22-4ab7-adc9-19336d12a452",,"Opportunity finder for university student freelancers","""2025-10-27T16:04:02.846Z"""
"1fa9a922-bab5-4e3e-92e8-525c22d5da27","e1aaf66a-c4b2-4bd7-a158-c79564d41fbf",,"Urban commute optimizer for busy office workers","""2025-10-27T16:21:33.831Z"""
"20a55bdb-749f-40ab-a901-c5b39d70b199","afa34fb5-4d22-4ab7-adc9-19336d12a452",,"Context switch reminder app for cognitive disabilities","""2025-10-27T16:07:28.178Z"""
"210ca002-79ca-4277-aaa8-11d78a98052e","e1aaf66a-c4b2-4bd7-a158-c79564d41fbf",,"Personal branding toolkit for remote professionals","""2025-10-27T16:52:55.736Z"""
"2179b3ee-ef7c-4116-b48e-4b0d5e729913","e1aaf66a-c4b2-4bd7-a158-c79564d41fbf",,"Memory aid app for visually impaired users","""2025-10-28T09:15:15.213Z"""
"21b44470-fb8d-40f9-bf74-db1434450e82","e03e8eb7-f3fa-4bfc-a3dd-855f8c0e02d7","logiciel DPE","logiciel DPE","""2025-10-28T10:44:10.349Z"""
"22078a26-01bc-4a0c-a3d2-e500a24aacf3","e1aaf66a-c4b2-4bd7-a158-c79564d41fbf",,"Engagement booster for rural community events.","""2025-10-27T15:46:41.689Z"""
"23a66463-84e5-4489-8e8a-107d9b9bf174","e1aaf66a-c4b2-4bd7-a158-c79564d41fbf",,"Client intake automation for solo legal practitioners","""2025-10-27T09:31:43.930Z"""
"24027a80-e0b6-489e-bcdd-0b42cdd73254","e1aaf66a-c4b2-4bd7-a158-c79564d41fbf",,"Visual communication tool for remote design teams","""2025-10-27T15:09:26.117Z"""
"24625f0f-15d0-4024-955e-185282a1fe17","e1aaf66a-c4b2-4bd7-a158-c79564d41fbf",,"Sleep optimization app for stock traders and investors","""2025-10-27T15:12:58.035Z"""
"2484cd12-fcff-4cd8-beaf-66faa10c69a6","e1aaf66a-c4b2-4bd7-a158-c79564d41fbf","wellness tech app","wellness tech app","""2025-10-27T16:15:05.252Z"""
"25bf447f-ee0f-41ed-aef0-b2ec6c1144bf","e1aaf66a-c4b2-4bd7-a158-c79564d41fbf","ai news summarizer","ai news summarizer","""2025-10-27T16:01:53.947Z"""
"287c6301-a551-43cc-a94a-932debd31055","e1aaf66a-c4b2-4bd7-a158-c79564d41fbf",,"Confidence-building communication app for disabled individuals","""2025-10-27T14:17:52.511Z"""
"28ad5eea-67f0-44fb-916c-25cddd845a65","afa34fb5-4d22-4ab7-adc9-19336d12a452","AI math tutor","AI math tutor","""2025-10-27T16:45:02.175Z"""
"2a460c7a-dd18-4f70-bc8f-136e1122558b","c87369b3-acd2-4640-8619-285af4c777da",,"Recipe recommender based on available ingredients","""2025-10-25T12:22:26.260Z"""
"2babe4b7-8a14-4834-8db6-b37d2d648252","ed17b69e-61ca-4203-b0c5-f3b81762ca8b","Vibe coding","Vibe coding","""2025-10-28T14:08:27.268Z"""
"2bcd9811-4270-4949-b8b7-658bf359ad5f","e1aaf66a-c4b2-4bd7-a158-c79564d41fbf",,"Virtual tutorial platform for antique collectors' education","""2025-10-28T09:11:53.528Z"""
"2d151c65-35f8-4f2b-9c8e-8ca1e296fdc5","d5afc6d7-58c1-445c-87cc-3e57d8ed24f2","consumer marketplace","consumer marketplace","""2025-10-25T11:47:44.054Z"""
"2d26a0ec-b9e8-4212-8932-63328264f743","e1aaf66a-c4b2-4bd7-a158-c79564d41fbf","Personal branding toolkit","Personal branding toolkit","""2025-10-27T16:53:35.528Z"""
"2e888e0a-faed-49a9-a751-1d33d436c699","e1aaf66a-c4b2-4bd7-a158-c79564d41fbf",,"Curated resource library for DIY makers’ projects","""2025-10-27T15:02:12.346Z"""
"2eb74e86-c911-4476-b718-ab429d20a251","b96cf5bf-c134-460e-a711-8d788e96b7c4","greta gerwig","greta gerwig","""2025-10-29T18:01:03.326Z"""
"2f0346c0-303f-49b3-8f53-d62efe036c30","c87369b3-acd2-4640-8619-285af4c777da","Gaming challenge like a poker platform","Gaming challenge like a poker platform","""2025-10-25T11:56:02.088Z"""
"319b2150-4df3-4a43-894b-cb97ec096acc","e1aaf66a-c4b2-4bd7-a158-c79564d41fbf",,"Baby sleep tracker for overwhelmed new parents","""2025-10-28T13:21:29.678Z"""
"31d97a40-090e-43ee-b3f3-29eccb61a540","e1aaf66a-c4b2-4bd7-a158-c79564d41fbf",,"Game news aggregator for casual gamers and streamers.","""2025-11-06T18:15:03.101Z"""
"33e2f815-1c51-488c-9883-4aaf07ac4e26","e1aaf66a-c4b2-4bd7-a158-c79564d41fbf",,"Event theme generator for busy event planners","""2025-10-27T10:48:16.846Z"""
"34053ad1-10e3-4543-a8bf-d7c660041526","e1aaf66a-c4b2-4bd7-a158-c79564d41fbf",,"Virtual co-working space for remote freelancers","""2025-10-27T15:13:22.599Z"""
"366abd40-fc5e-43d6-b914-422d4cef1d10","1e1e0ff5-00e5-45ce-bf99-cfee48914b2f","b2c","b2c","""2025-10-27T12:25:28.866Z"""
"36d80932-abb1-4030-a59d-57552f6887a4","1e1e0ff5-00e5-45ce-bf99-cfee48914b2f","business generator","business generator","""2025-10-27T13:23:01.646Z"""
"3a260d6a-195e-4559-b7d3-ee95d091195a","cf165fbe-42f9-4384-a3e2-ec581a0357a1","Shared 2FA","Shared 2FA","""2025-10-28T11:01:47.531Z"""
"3adfb1db-81d0-4a17-84c6-3d131a315c25","d5afc6d7-58c1-445c-87cc-3e57d8ed24f2","I want to build a SaaS for notaries in Ffrance that helps them reduce admin work. They need to be able to autofill information in their old Saas.","I want to build a SaaS for notaries in Ffrance that helps them reduce admin work. They need to be able to autofill information in their old Saas.","""2025-10-25T11:37:40.043Z"""
"3b9a51d2-8bd1-4137-bdc1-f3100591a3d1","c87369b3-acd2-4640-8619-285af4c777da","gamification platform to win your next job","gamification platform to win your next job","""2025-10-25T12:04:02.873Z"""
"3ba46270-6e9b-49cf-91ad-ca543ea69b21","e1aaf66a-c4b2-4bd7-a158-c79564d41fbf",,"Confidence booster for adventure travelers' self-expression.","""2025-10-28T13:20:45.446Z"""
"3bb9a4ac-2edc-40ce-a4b1-769664b3a4f5","e1aaf66a-c4b2-4bd7-a158-c79564d41fbf",,"Expense tracker tailored for competitive athletes","""2025-10-27T13:01:11.887Z"""
"3bbc6450-87a6-4556-ac03-05b47772261b","e1aaf66a-c4b2-4bd7-a158-c79564d41fbf",,"Branding toolkit for independent visual artists","""2025-10-27T11:26:39.301Z"""
"3c0198fa-4ab0-414e-bf6f-8e2dffbfea44","e1aaf66a-c4b2-4bd7-a158-c79564d41fbf","moodbased personalization","moodbased personalization","""2025-10-27T14:31:03.912Z"""
"3c1ccd53-ab61-4e88-9b9b-01a2f3f00383","e1aaf66a-c4b2-4bd7-a158-c79564d41fbf",,"Decision-making tool for digital nomads' options","""2025-10-27T09:54:01.907Z"""
"3c956292-f001-4207-9378-dc1b2860761f","c87369b3-acd2-4640-8619-285af4c777da","recipe ideas","recipe ideas","""2025-10-25T12:22:59.144Z"""
"3c95f443-0370-4a5a-9a3a-d027f2ffd3f7","d5afc6d7-58c1-445c-87cc-3e57d8ed24f2",,"Focus prioritization app for medical students' studies","""2025-10-25T11:52:03.570Z"""
"3d298974-6c50-49fa-b091-093d6b6fc3e0","124b8466-b28b-4f16-842d-5ddae992ddd4","film chien 15","film chien 15","""2025-11-10T07:44:30.861Z"""
"3d7990e1-e61e-4a4a-b776-36c38cfa864a","80c33902-dde7-4c27-8426-74761d04a686","automatisation reseaux sociaux","automatisation reseaux sociaux","""2025-11-03T20:08:08.801Z"""
"3feb4bdf-b34f-4c90-ae06-26dd480cb780","124b8466-b28b-4f16-842d-5ddae992ddd4",,"Visual explanation generator for solo consultants' presentations","""2025-11-10T07:46:22.176Z"""
"407af856-ce02-43b0-8808-9cce8e71e250","e1aaf66a-c4b2-4bd7-a158-c79564d41fbf",,"Feedback platform for new immigrants and expats","""2025-10-27T09:20:09.644Z"""
"4106b26b-355e-4426-924f-d3afdff42236","e1aaf66a-c4b2-4bd7-a158-c79564d41fbf",,"Personalized meal plans for busy fitness enthusiasts","""2025-10-27T14:32:04.719Z"""
"411c45c6-6b9f-4fa8-bb2f-504be8feb2b5","afa34fb5-4d22-4ab7-adc9-19336d12a452","Ai inventory management system for art collectors","Ai inventory management system for art collectors","""2025-10-27T16:22:51.232Z"""
"41550a2f-afc1-49dc-854d-d4f077c19d83","e1aaf66a-c4b2-4bd7-a158-c79564d41fbf",,"Automated social media posts for small businesses","""2025-10-27T11:05:05.767Z"""
"41aa1037-c186-48dd-b45a-5d5c0758aed2","afa34fb5-4d22-4ab7-adc9-19336d12a452","AI companion friend for genZ","AI companion friend for genZ","""2025-10-27T16:07:46.697Z"""
"4363bdb5-7b6e-411b-b307-51a4aa5141df","e1aaf66a-c4b2-4bd7-a158-c79564d41fbf","oran","oran","""2025-10-28T21:02:20.890Z"""
"439e97ac-8a7d-4392-80db-cf3c83fe4ad5","e1aaf66a-c4b2-4bd7-a158-c79564d41fbf","quality management tool","quality management tool","""2025-10-27T12:26:06.182Z"""
"44fd0677-86fe-4d0d-98e9-5b47cd88362a","e1aaf66a-c4b2-4bd7-a158-c79564d41fbf",,"Feedback platform for academic research proposals review.","""2025-10-27T15:34:12.059Z"""
"47008411-15d5-4c55-8b08-208b3ca5663d","99379ade-d6ee-4214-873a-f37aefa385e7","AI video editor","AI video editor","""2025-10-27T08:53:39.985Z"""
"47bf3e43-2b0a-41e3-b0d9-ca0152b73b29","e1aaf66a-c4b2-4bd7-a158-c79564d41fbf",,"Confidence-boosting product description generator for e-commerce sellers","""2025-10-27T12:15:52.879Z"""
"482209c7-ea32-458e-b817-03a86c82a168","e1aaf66a-c4b2-4bd7-a158-c79564d41fbf","AI friend","AI friend","""2025-10-27T13:08:11.804Z"""
"49bfd852-bb4e-4b5e-8442-9537935afd94","e1aaf66a-c4b2-4bd7-a158-c79564d41fbf",,"Meme scheduling tool for social media managers","""2025-10-27T09:45:10.735Z"""
"4aec21d2-d6e6-47b6-8503-2dac4fa3b8c2","e1aaf66a-c4b2-4bd7-a158-c79564d41fbf",,"Inspiration board generator for interior designers' projects.","""2025-10-27T13:19:59.516Z"""
"4b5f2a0e-efdf-4695-94d5-26f97c2558d7","c87369b3-acd2-4640-8619-285af4c777da",,"No-code portfolio builder for visual artists","""2025-10-25T12:03:00.127Z"""
"4bbeab1d-d0d5-4d26-8117-c0e3f93ec7d2","124b8466-b28b-4f16-842d-5ddae992ddd4","connaitre le volume de recherche sur le film chien 51","connaitre le volume de recherche sur le film chien 51","""2025-11-10T07:45:48.602Z"""
"4bc59ed4-be71-4d73-ac3e-fdea69e45398","0cc1f8cb-9c85-4a2e-9bec-7833b720fe56",,"Interactive training modules for nonprofit volunteers","""2025-10-28T11:23:41.656Z"""
"4bd54ef5-1160-48b1-bdb2-2d9d0fb0a81a","e1aaf66a-c4b2-4bd7-a158-c79564d41fbf",,"Skill breakdown videos for athletes' technique improvement.","""2025-10-27T15:00:07.852Z"""
"4be0ac3b-e897-40e8-9eb3-23a96c1330ae","e1aaf66a-c4b2-4bd7-a158-c79564d41fbf",,"Daily motivation reminders for digital minimalists","""2025-10-27T08:54:53.619Z"""
"4d68cb2e-9998-4644-b944-4a83a3376fa0","afa34fb5-4d22-4ab7-adc9-19336d12a452","AI math tutor","AI math tutor","""2025-10-27T16:11:09.692Z"""
"4f3e47d9-331c-4985-be01-6afacd17ee35","e1aaf66a-c4b2-4bd7-a158-c79564d41fbf",,"Choice advisor for medical and law students","""2025-10-27T09:36:14.465Z"""
"509efc17-28a1-459a-ba8a-c5d0c96ec4c6","afa34fb5-4d22-4ab7-adc9-19336d12a452","vibe code","vibe code","""2025-10-28T14:11:53.330Z"""
"522a4934-bff4-4959-b362-005f2bba6eec","e1aaf66a-c4b2-4bd7-a158-c79564d41fbf",,"Workflow automation tool for e-commerce shop owners","""2025-10-27T16:07:33.068Z"""
"533352c9-b1e6-4443-8c21-18a91c05c5c7","e1aaf66a-c4b2-4bd7-a158-c79564d41fbf","copywriting services","copywriting services","""2025-10-27T15:30:09.418Z"""
"53425e2a-e56d-4961-91af-85de119053e1","e1aaf66a-c4b2-4bd7-a158-c79564d41fbf",,"Misinformation checker for freelance marketers and copywriters.","""2025-10-27T16:30:30.307Z"""
"5349d68a-0886-4193-8c0b-5817b239c58d","124b8466-b28b-4f16-842d-5ddae992ddd4","movie ""chien 51""","movie ""chien 51""","""2025-11-10T07:44:54.231Z"""
"53789c8c-a368-4261-85de-37088a461ae4","afa34fb5-4d22-4ab7-adc9-19336d12a452","Math tutor ai","Math tutor ai","""2025-10-27T16:10:30.365Z"""
"54815fae-50d8-4865-8ef7-83660ad2a7fc","e1aaf66a-c4b2-4bd7-a158-c79564d41fbf","automated expense tracking","automated expense tracking","""2025-10-27T14:40:17.210Z"""
"553d07d5-e327-4fd8-a13a-9f87dfece2b9","ed17b69e-61ca-4203-b0c5-f3b81762ca8b","vibe coding","vibe coding","""2025-10-28T14:28:20.765Z"""
"55d087ea-9661-4857-9b9b-45acc8b74fec","afa34fb5-4d22-4ab7-adc9-19336d12a452",,"Meditation timer app for busy professionals' relaxation","""2025-10-27T16:35:52.415Z"""
"569398ec-1947-48fd-98ed-c5aeee5e6e23","e1aaf66a-c4b2-4bd7-a158-c79564d41fbf",,"Personalized learning paths for antique collectors’ education","""2025-10-27T10:40:25.720Z"""
"56942b4e-4d42-4248-b2ef-4c1f83d5de80","e1aaf66a-c4b2-4bd7-a158-c79564d41fbf","leather shoes","leather shoes","""2025-10-28T20:55:58.786Z"""
"5697703a-113f-4e20-bc1c-09f31c341281","1e1e0ff5-00e5-45ce-bf99-cfee48914b2f","tiktok","tiktok","""2025-10-27T11:47:07.844Z"""
"575f8d26-34e5-49f4-bbba-1dd245619592","e1aaf66a-c4b2-4bd7-a158-c79564d41fbf","Whatsapp api file manager","Whatsapp api file manager","""2025-11-01T12:42:51.027Z"""
"57e6e5b8-6b8f-412b-a91e-1b21b0deb28f","afa34fb5-4d22-4ab7-adc9-19336d12a452","AI math tutor","AI math tutor","""2025-10-27T16:30:57.378Z"""
"58213dea-7b17-4f24-b2b0-8e25972da6bb","954af3f4-0b3d-478a-b6ed-f6296a26b949",,"Affordable inventory management system for restaurant owners","""2025-10-25T09:46:37.044Z"""
"5ac61763-2383-464f-a0f7-3fc469538a51","447b9dae-a600-4b16-94f3-bb3eeafe788f",,"Affordable decor item comparator for home decorators","""2025-11-01T12:46:39.433Z"""
"5b81d035-b8a2-4c64-acfb-3f3b0fa609c8","b96cf5bf-c134-460e-a711-8d788e96b7c4","greta gerwing","greta gerwing","""2025-10-29T18:00:43.889Z"""
"5ba4b201-adfa-4d89-a58d-fe4c98913b5f","e1aaf66a-c4b2-4bd7-a158-c79564d41fbf",,"Task organization tool for university students' projects","""2025-10-27T11:15:07.557Z"""
"5bdd8c35-39eb-4696-8b4e-e8bfc4fef86e","d5afc6d7-58c1-445c-87cc-3e57d8ed24f2","SaaS notaries","SaaS notaries","""2025-10-25T11:41:50.718Z"""
"5f629591-439b-41a6-839f-6fdfc8c099d2","afa34fb5-4d22-4ab7-adc9-19336d12a452","AI math tutoring app","AI math tutoring app","""2025-10-27T15:53:44.600Z"""
"604d3f66-0c11-420d-bda7-d10756dbab0f","c87369b3-acd2-4640-8619-285af4c777da",,"Decision-making aid for nonprofit project selection","""2025-10-25T12:22:01.389Z"""
"60ba9e98-8a00-4a3d-a327-99020d4f2920","e1aaf66a-c4b2-4bd7-a158-c79564d41fbf",,"Personalized recipe generator for home cooks","""2025-10-27T10:48:53.931Z"""
"6367751b-339a-4ec4-aabf-62074541e984","d5afc6d7-58c1-445c-87cc-3e57d8ed24f2","SaaS real estate","SaaS real estate","""2025-10-25T11:43:37.855Z"""
"64843cc8-bfe0-4c28-8049-984c76ac564d","afa34fb5-4d22-4ab7-adc9-19336d12a452","AI math tutor","AI math tutor","""2025-10-27T16:46:43.352Z"""
"64ba7b41-1935-4b52-ba9a-5d87fbcc3a14","e1aaf66a-c4b2-4bd7-a158-c79564d41fbf","oran sandals","oran sandals","""2025-10-28T20:59:46.256Z"""
"657e4c0e-93b8-4030-9b6f-66f9d7a726c2","c87369b3-acd2-4640-8619-285af4c777da","best recipe book","best recipe book","""2025-10-25T12:23:11.160Z"""
"65ca1534-5bd5-4829-a910-babf9e5a82b9","c87369b3-acd2-4640-8619-285af4c777da","automation airbnb business","automation airbnb business","""2025-10-25T11:57:50.180Z"""
"66904ad3-4ff4-4974-a256-d80003bb1858","e1aaf66a-c4b2-4bd7-a158-c79564d41fbf","quality improvement software","quality improvement software","""2025-10-27T12:26:51.052Z"""
"669596ee-6270-408e-8fec-885cfff537ce","e1aaf66a-c4b2-4bd7-a158-c79564d41fbf","diy craft kits","diy craft kits","""2025-10-27T15:02:36.727Z"""
"67faffde-e8dc-40ad-85e0-6f1dc8151155","e1aaf66a-c4b2-4bd7-a158-c79564d41fbf",,"Cost-quality analysis tool for DIY makers","""2025-10-27T12:25:13.905Z"""
"6830ed3d-1b25-46f5-92f7-2ff7e57e60f0","e1aaf66a-c4b2-4bd7-a158-c79564d41fbf","AI Friend","AI Friend","""2025-10-27T13:08:44.425Z"""
"687f301e-e579-49d3-8cca-fe27a00542cd","afa34fb5-4d22-4ab7-adc9-19336d12a452","AI physiologist for amateur athletes","AI physiologist for amateur athletes","""2025-10-27T16:14:03.235Z"""
"6ccac2b6-b8a5-4a00-a264-8a5e5ae90798","124b8466-b28b-4f16-842d-5ddae992ddd4","trends on movie ""top gun""","trends on movie ""top gun""","""2025-11-10T07:46:50.515Z"""
"6cf4ebdb-4962-496d-9da5-3e661d59b840","afa34fb5-4d22-4ab7-adc9-19336d12a452",,"Bias-checking tool for tabletop RPG sessions","""2025-10-27T16:04:25.854Z"""
"6ed40679-ddce-4f9c-bd99-4dc8603cbbf4","e1aaf66a-c4b2-4bd7-a158-c79564d41fbf",,"Market analysis dashboard for crypto investors' insights","""2025-10-27T14:32:51.406Z"""
"6fb75259-804b-43dd-9395-baf5914bc652","afa34fb5-4d22-4ab7-adc9-19336d12a452","AI math tutor","AI math tutor","""2025-10-27T16:45:51.203Z"""
"6fba2385-16bd-444c-b177-dd0fb0d1bdb8","e1aaf66a-c4b2-4bd7-a158-c79564d41fbf","ljzbef","ljzbef","""2025-10-27T10:05:20.490Z"""
"71583398-2b75-41fd-aed1-8ad86dc98553","e1aaf66a-c4b2-4bd7-a158-c79564d41fbf",,"Bias awareness tool for busy parents' discussions","""2025-10-27T10:28:31.887Z"""
"7252afa0-54bc-4fae-aa14-98bb19fa1b46","e1aaf66a-c4b2-4bd7-a158-c79564d41fbf",,"Personalized wellness coaching for content creators","""2025-10-27T16:14:56.531Z"""
"72addd19-4911-4921-b9d3-3af21823e87b","afa34fb5-4d22-4ab7-adc9-19336d12a452","math tutor","math tutor","""2025-10-27T16:17:31.030Z"""
"75ef9574-1d25-413d-b735-526e01f3f3f1","6f9ed53d-089f-481c-8d94-84700f5e589a","german style spa and sauna in the london suburbs","german style spa and sauna in the london suburbs","""2025-10-26T18:40:16.317Z"""
"76844f98-71d1-445b-9114-a4652c48e90d","1e1e0ff5-00e5-45ce-bf99-cfee48914b2f",,"Client opportunity finder for newsletter creators","""2025-10-27T12:24:46.986Z"""
"768e4020-6957-4335-98d6-c1013a4e408c","afa34fb5-4d22-4ab7-adc9-19336d12a452","AI math tutor app","AI math tutor app","""2025-10-27T15:58:15.519Z"""
"7780faa0-0f1d-40b9-9650-3b43dfa674d1","afa34fb5-4d22-4ab7-adc9-19336d12a452","AI math tutor","AI math tutor","""2025-10-27T16:35:12.339Z"""
"797e342e-373d-4af8-8374-5d72b95db8f8","afa34fb5-4d22-4ab7-adc9-19336d12a452",,"Health tracker app for busy parents' wellness","""2025-10-27T16:04:45.470Z"""
"7ae63d59-b582-4f59-886d-4d6742879425","e1aaf66a-c4b2-4bd7-a158-c79564d41fbf","Start from scratch. Build your global tech company.","Start from scratch. Build your global tech company.","""2025-10-27T09:26:43.807Z"""
"7afd628d-5d0a-4791-af82-cb60d01837c4","6f9b3ab9-a747-4523-abe1-c7a8b86f45d6","débuter en investissment","débuter en investissment","""2025-11-04T14:36:24.360Z"""
"7b9fc5cc-7532-4452-9da8-41f580dfa95e","e1aaf66a-c4b2-4bd7-a158-c79564d41fbf",,"Flavor pairing app for chefs and food bloggers.","""2025-10-27T15:05:07.467Z"""
"7d25437a-2a63-4f2a-a1e7-61d68db09f17","852783f4-e6d3-41bc-aa2c-8a215530fcb5","train bot war game","train bot war game","""2025-10-27T14:34:47.493Z"""
"7e3c9b67-89a8-41d7-aaeb-465e81567fcf","e1aaf66a-c4b2-4bd7-a158-c79564d41fbf","Misinformation checker for copywriter","Misinformation checker for copywriter","""2025-10-27T16:31:29.364Z"""
"7e9f166e-d992-4262-aa20-a22ad7bb36cc","afa34fb5-4d22-4ab7-adc9-19336d12a452","physiologist","physiologist","""2025-10-27T16:15:23.669Z"""
"7f1818ec-d068-4f22-bec7-590283791ed9","447b9dae-a600-4b16-94f3-bb3eeafe788f",,"Branding toolkit for casual gamers and streamers","""2025-11-01T12:46:47.640Z"""
"80aaeda7-3b3d-4a8a-a5a1-0b872a3cfcca","e1aaf66a-c4b2-4bd7-a158-c79564d41fbf","restaurant dashboards","restaurant dashboards","""2025-10-27T11:17:17.996Z"""
"80f8f92e-6a22-420a-92ee-ef3bba923745","e1aaf66a-c4b2-4bd7-a158-c79564d41fbf","blbalba","blbalba","""2025-10-27T09:54:13.469Z"""
"81d81d66-841c-4457-a9d8-651bcc09aa2f","0cc1f8cb-9c85-4a2e-9bec-7833b720fe56","fleury michon","fleury michon","""2025-10-28T11:23:33.437Z"""
"824e174b-d694-4b68-9b22-3eefe0bc6345","7ef390c2-ba59-4d86-a0b6-f5129daa9c1d",,"Real-time game stats and insights for streamers","""2025-10-31T11:30:05.206Z"""
"84bc9616-5d2f-4fd2-a32f-75cf27b79129","afa34fb5-4d22-4ab7-adc9-19336d12a452","vibe","vibe","""2025-10-28T14:11:48.200Z"""
"84ede30a-012f-4226-9b15-bba66e081129","afa34fb5-4d22-4ab7-adc9-19336d12a452","adaptive tutor app","adaptive tutor app","""2025-10-27T15:59:06.596Z"""
"868ffb5a-04c7-4aea-bd8a-35bd3ee2f7ce","7ef390c2-ba59-4d86-a0b6-f5129daa9c1d","Sport betting tracker analysis","Sport betting tracker analysis","""2025-10-31T11:29:35.949Z"""
"86bd9552-42d4-47c4-988d-8231e1d6e206","afa34fb5-4d22-4ab7-adc9-19336d12a452",,"Multilingual meditation app for global practitioners","""2025-10-27T15:50:47.996Z"""
"89de0507-6c6d-4f6a-998b-3f209d5e1724","c87369b3-acd2-4640-8619-285af4c777da",,"Client matching platform for digital nomads only","""2025-10-25T12:22:16.219Z"""
"8a03cfa4-4eb2-4025-8248-8c4be44597ec","afa34fb5-4d22-4ab7-adc9-19336d12a452","adaptive tutor app","adaptive tutor app","""2025-10-27T15:51:23.058Z"""
"8a1214b4-3cea-40f0-95d6-dca66abe19e3","e1aaf66a-c4b2-4bd7-a158-c79564d41fbf",,"Trustworthy content source aggregator for marketers.","""2025-10-27T16:56:09.538Z"""
"8b6c048f-474d-4685-a01c-73ed6d341476","afa34fb5-4d22-4ab7-adc9-19336d12a452","Ai inventory management system for antique shops","Ai inventory management system for antique shops","""2025-10-27T16:23:04.341Z"""
"8c4de227-2c94-4dd5-ba94-b4a8ae5bab33","e1aaf66a-c4b2-4bd7-a158-c79564d41fbf",,"Personalized wellness check-in tool for newsletter writers","""2025-10-27T09:51:35.047Z"""
"8c72760e-39f0-4792-ad3f-3f77ae00a060","afa34fb5-4d22-4ab7-adc9-19336d12a452",,"Travel itinerary optimizer for digital nomads","""2025-10-27T16:49:20.320Z"""
"8de37edc-d9e4-471f-92a2-42e16ac5e014","b43f5544-b806-46c0-a0bf-2208a7be9c95","Switcher is an AI-powered service that analyzes your electricity, gas, internet, mobile, and insurance plans, finds better offers, and switches them for you — automatically. No comparison tables. No paperwork. No phone calls.","Switcher is an AI-powered service that analyzes your electricity, gas, internet, mobile, and insurance plans, finds better offers, and switches them for you — automatically. No comparison tables. No paperwork. No phone calls.","""2025-10-28T09:37:08.722Z"""
"8ed8e662-4a0f-4cb4-9605-366e39ec1d5e","cf165fbe-42f9-4384-a3e2-ec581a0357a1",,"Recipe scaling calculator for home cooks and chefs","""2025-10-28T10:55:53.045Z"""
"8fd72161-ee0e-499c-a704-afce5bc3d6e9","e1aaf66a-c4b2-4bd7-a158-c79564d41fbf",,"Service locator app for urban commuters' needs.","""2025-10-28T13:20:26.289Z"""
"9066f51f-5adf-4345-9b79-cdf1c12db71a","80c33902-dde7-4c27-8426-74761d04a686","social media automation","social media automation","""2025-11-03T20:07:03.789Z"""
"907911bd-2783-4ec8-984a-a909f6c738c4","6f9b3ab9-a747-4523-abe1-c7a8b86f45d6","the story off","the story off","""2025-11-04T14:37:07.535Z"""
"918a06af-30f4-4b96-95ab-0facd5a573e9","e03e8eb7-f3fa-4bfc-a3dd-855f8c0e02d7","an EPC (energy performance certificate) software for home assesors","an EPC (energy performance certificate) software for home assesors","""2025-10-28T10:44:02.144Z"""
"91aa59af-c6c2-45c7-8aea-5725d3b416bd","e1aaf66a-c4b2-4bd7-a158-c79564d41fbf","AI Companion","AI Companion","""2025-10-27T13:07:34.499Z"""
"92bb25c7-1ca0-439b-afe9-4dec2e7c1f99","6f9ed53d-089f-481c-8d94-84700f5e589a","goldenshowers","goldenshowers","""2025-10-26T18:47:18.963Z"""
"934892a8-258d-4e76-b652-e35956dcad81","c87369b3-acd2-4640-8619-285af4c777da","airbnb ai agent","airbnb ai agent","""2025-10-25T12:08:02.708Z"""
"9539e93b-869f-403a-b2f0-cfdc10519bc2","e1aaf66a-c4b2-4bd7-a158-c79564d41fbf",,"Personalized workout plans for busy professionals","""2025-10-27T16:52:52.182Z"""
"98e8fa2e-4b8f-4fd1-9433-e47a47066e54","b96cf5bf-c134-460e-a711-8d788e96b7c4","narnia","narnia","""2025-10-29T17:59:28.769Z"""
"99787841-0ffe-4dc5-b18c-d84fa142ca2b","e1aaf66a-c4b2-4bd7-a158-c79564d41fbf",,"Pet care information organizer for busy owners","""2025-10-27T15:48:53.498Z"""
"9a182422-5ee5-4b75-bbe2-deeb4d097a33","e1aaf66a-c4b2-4bd7-a158-c79564d41fbf","lizuebf","lizuebf","""2025-10-27T10:11:25.527Z"""
"9b2d84e9-85ce-4208-9f2b-e08831c703b5","e1aaf66a-c4b2-4bd7-a158-c79564d41fbf","Start from scratch. Build your global tech company.","Start from scratch. Build your global tech company.","""2025-10-27T09:23:04.615Z"""
"9d535f27-aa89-47a2-9c06-907ddf0d15f9","ed17b69e-61ca-4203-b0c5-f3b81762ca8b","Vibe code","Vibe code","""2025-10-28T14:08:44.031Z"""
"9e641eb9-bb85-4250-9602-cca10d3a0c21","e1aaf66a-c4b2-4bd7-a158-c79564d41fbf",,"Memory aid tool for solo researchers' insights","""2025-10-28T13:21:16.278Z"""
"9ef0c8b9-813e-4ddb-9678-94ad86fe322c","c87369b3-acd2-4640-8619-285af4c777da","airbnb automation agent","airbnb automation agent","""2025-10-25T12:05:44.691Z"""
"9fcdd0a1-fb8a-4666-a009-b51ae08f8f2a","5ac3cfe3-2859-4cb5-982b-bd01fed99ce2","ai voice assistant for blind people","ai voice assistant for blind people","""2025-10-28T19:42:10.993Z"""
"a0968125-a821-4194-a8ff-b441e07e21c8","afa34fb5-4d22-4ab7-adc9-19336d12a452","physical trainer","physical trainer","""2025-10-27T16:14:36.798Z"""
"a0ca5b32-90a2-4bbe-9c8d-ee251cfa170e","cf165fbe-42f9-4384-a3e2-ec581a0357a1",,"AI story prompt generator for tabletop RPG players","""2025-10-28T10:56:51.137Z"""
"a11d1408-c141-4b76-9954-53c4bdfcce64","afa34fb5-4d22-4ab7-adc9-19336d12a452","nocode","nocode","""2025-10-28T14:12:11.103Z"""
"a1a78836-d286-4579-826c-efdecae846ce","e1aaf66a-c4b2-4bd7-a158-c79564d41fbf",,"Mood board generator for visual artists’ projects","""2025-10-27T14:29:48.004Z"""
"a2c6b294-f5d6-4baa-b921-4d60aff51fd8","e1aaf66a-c4b2-4bd7-a158-c79564d41fbf","Automated video subtitle generator for content creators","Automated video subtitle generator for content creators","""2025-10-27T08:44:34.797Z"""
"a30fd55d-1cbc-41ed-b275-93e22a047c93","ed17b69e-61ca-4203-b0c5-f3b81762ca8b","vibe codinh","vibe codinh","""2025-10-28T14:28:19.504Z"""
"a5e9b4a1-d374-465c-8f33-cac817a0f77f","e1aaf66a-c4b2-4bd7-a158-c79564d41fbf",,"Song lyric reminder tool for forgetful musicians","""2025-10-27T15:00:28.237Z"""
"a65482c6-65cc-4b08-a50c-acc48515c0ef","afa34fb5-4d22-4ab7-adc9-19336d12a452","Math tutor","Math tutor","""2025-10-27T16:10:19.750Z"""
"a728072d-2602-406c-bc66-9ac177b2731e","e1aaf66a-c4b2-4bd7-a158-c79564d41fbf","dhfmksdhflqizuebflqkuzebflkqbflkjsdbciusbckjbzefiubqezlkfj","dhfmksdhflqizuebflqkuzebflkqbflkjsdbciusbckjbzefiubqezlkfj","""2025-10-25T09:44:35.043Z"""
"a80f3791-d3ae-4489-acf8-fdf4fcf73a57","afa34fb5-4d22-4ab7-adc9-19336d12a452","AI math tutor","AI math tutor","""2025-10-27T16:48:41.621Z"""
"a8dfc475-7b60-4a3a-accd-c150fbc07432","e1aaf66a-c4b2-4bd7-a158-c79564d41fbf",,"Client matching platform for urban freelancers and agencies","""2025-10-27T09:56:07.683Z"""
"a919a3b9-3cd8-46e3-8dd7-8ab38c26d17b","afa34fb5-4d22-4ab7-adc9-19336d12a452","ai english tutor","ai english tutor","""2025-10-27T16:01:20.272Z"""
"a9680283-2f3c-4b36-a58c-93cb34e25a49","afa34fb5-4d22-4ab7-adc9-19336d12a452",,"Stress-free home decor shopping for fashion lovers.","""2025-10-25T11:44:09.257Z"""
"aaa052d2-f4a4-4340-8c72-7d6d18485f24","e1aaf66a-c4b2-4bd7-a158-c79564d41fbf","loafers shoes","loafers shoes","""2025-10-28T20:55:29.640Z"""
"afcec611-52f3-4bd6-a626-b3898cfbfb90","e1aaf66a-c4b2-4bd7-a158-c79564d41fbf",,"Personal branding toolkit for solo consultants and analysts","""2025-10-27T16:30:17.641Z"""
"b172d061-9148-4b85-b036-108efaefa150","e1aaf66a-c4b2-4bd7-a158-c79564d41fbf",,"Data visualization tool for restaurant reviews and chefs","""2025-10-27T11:16:56.331Z"""
"b2161a00-0381-4baf-ae21-09b0e42ca43f","e1aaf66a-c4b2-4bd7-a158-c79564d41fbf",,"Pet product recommendation engine for dog owners","""2025-10-27T14:59:20.854Z"""
"b25256a7-09c9-4db5-ba9a-5403b20ae211","cf165fbe-42f9-4384-a3e2-ec581a0357a1","Flyers distribution","Flyers distribution","""2025-10-28T10:59:58.212Z"""
"b320ba91-f9d3-4880-bd0f-89020da4e3d8","e1aaf66a-c4b2-4bd7-a158-c79564d41fbf",,"Procrastination timer for stock traders and investors","""2025-10-27T16:30:20.810Z"""
"b5bf10ce-1010-46f0-bbdc-458ed9e34e01","e1aaf66a-c4b2-4bd7-a158-c79564d41fbf","Automated quiz generator","Automated quiz generator","""2025-10-27T16:55:17.307Z"""
"b6839aa7-4ead-4e08-a2cf-78e4b7971086","6f9ed53d-089f-481c-8d94-84700f5e589a","nightclub for goldenshowers","nightclub for goldenshowers","""2025-10-26T18:47:04.907Z"""
"b6a400ec-bafe-4e4f-8ff6-a7a8d04220e3","0cc1f8cb-9c85-4a2e-9bec-7833b720fe56","lvmh : quelles tendances récentes ?","lvmh : quelles tendances récentes ?","""2025-10-28T11:23:03.361Z"""
"b7ab6b3e-9f67-4e67-b41b-69b3dd158332","ed17b69e-61ca-4203-b0c5-f3b81762ca8b","nocode","nocode","""2025-10-28T14:28:10.694Z"""
"b7c99060-c221-43fc-b955-848fd7fb899b","6f9b3ab9-a747-4523-abe1-c7a8b86f45d6","débuter en investissment","débuter en investissment","""2025-11-04T14:35:58.065Z"""
"b8116397-7ec1-4072-9800-351daf5cf96d","e1aaf66a-c4b2-4bd7-a158-c79564d41fbf",,"Quality checker for accessible content creators","""2025-10-27T13:26:28.693Z"""
"b8bc58d9-50bf-4af8-8f21-8d330e038045","e1aaf66a-c4b2-4bd7-a158-c79564d41fbf",,"Bias-free pet training resources for dog owners","""2025-10-27T16:32:06.222Z"""
"b9023280-18f8-4cb6-9220-ccb3e4acac57","e1aaf66a-c4b2-4bd7-a158-c79564d41fbf",,"Game performance optimizer for casual gamers’ setups","""2025-10-27T11:24:00.680Z"""
"ba15636e-cb00-4a8c-99e7-eb34ac79a740","c87369b3-acd2-4640-8619-285af4c777da",,"AI-driven investment idea generator for stock traders","""2025-10-25T12:03:27.437Z"""
"bafecec2-924a-4dc6-a516-73e18187d02e","e1aaf66a-c4b2-4bd7-a158-c79564d41fbf","Feedback platform for new immigrants and expats","Feedback platform for new immigrants and expats","""2025-10-27T09:22:42.782Z"""
"bc710d80-dfed-4f68-bc33-1af1404ace8e","447b9dae-a600-4b16-94f3-bb3eeafe788f",,"Pet care information aggregator for busy owners","""2025-11-01T12:46:31.315Z"""
"bd03e355-1d4c-4e19-895e-9586009da13e","afa34fb5-4d22-4ab7-adc9-19336d12a452",,"Data visualization tool for nonprofit impact measurement","""2025-10-27T15:56:23.008Z"""
"bd048646-9978-43a1-b5c3-2b248d74fb8e","e1aaf66a-c4b2-4bd7-a158-c79564d41fbf","AI friedn","AI friedn","""2025-10-27T13:08:09.462Z"""
"c15fe0fc-8c0a-4afe-85eb-2c41b67d07b7","e1aaf66a-c4b2-4bd7-a158-c79564d41fbf",,"Personalized resource guide for new immigrants","""2025-10-27T15:39:22.942Z"""
"c517ec10-35a5-4917-9f63-18976bce1793","cf165fbe-42f9-4384-a3e2-ec581a0357a1","Insert flyers in ecommerce packages in the us","Insert flyers in ecommerce packages in the us","""2025-10-28T10:57:38.205Z"""
"c5728a43-b813-4701-9ab5-30fdd930f881","afa34fb5-4d22-4ab7-adc9-19336d12a452","vibecode","vibecode","""2025-10-28T14:10:21.505Z"""
"c752a1c3-e6c2-4f40-95fe-2cd0564d94fc","afa34fb5-4d22-4ab7-adc9-19336d12a452","ai math tutor","ai math tutor","""2025-10-27T16:17:41.769Z"""
"c8f1c212-e2c1-40d3-95c4-ac3f73eddf19","c87369b3-acd2-4640-8619-285af4c777da","automation airbnb","automation airbnb","""2025-10-25T11:57:57.673Z"""
"c96e064d-9972-4ec8-aade-cd79e9d7ec9a","afa34fb5-4d22-4ab7-adc9-19336d12a452","vibe code","vibe code","""2025-10-28T14:11:18.287Z"""
"ca08a9bc-5d49-4561-a5be-2d7c2f2a3c48","e1aaf66a-c4b2-4bd7-a158-c79564d41fbf",,"Geolocation unlocker for privacy-focused online users","""2025-10-27T14:24:17.456Z"""
"cab46a58-caca-4f00-ae2a-025bb1b4e50c","e1aaf66a-c4b2-4bd7-a158-c79564d41fbf",,"Personalized home decor recommendations for bargain hunters","""2025-10-28T13:20:12.815Z"""
"cae0a435-b767-4b1b-ad32-6ade75e3d9cd","afa34fb5-4d22-4ab7-adc9-19336d12a452","AI physiologist","AI physiologist","""2025-10-27T16:15:08.540Z"""
"cb31c4dc-0ce4-4eec-9b28-cbe150a2238a","124b8466-b28b-4f16-842d-5ddae992ddd4","film chien 51","film chien 51","""2025-11-10T07:44:34.786Z"""
"cc087b66-33cc-48f5-a922-c9485be23ad3","852783f4-e6d3-41bc-aa2c-8a215530fcb5","mmo game","mmo game","""2025-10-27T14:34:06.222Z"""
"ccae4392-ba48-4830-9009-b9b124fd731e","afa34fb5-4d22-4ab7-adc9-19336d12a452",,"Simple video editing tool for university students","""2025-10-27T16:04:14.554Z"""
"ccc214b4-bbf8-4353-8b76-b62797122b19","e1aaf66a-c4b2-4bd7-a158-c79564d41fbf","chef matching app","chef matching app","""2025-10-27T15:05:26.028Z"""
"ccdb2556-cd46-466e-9003-323f8369b61b","e1aaf66a-c4b2-4bd7-a158-c79564d41fbf",,"Personalized meditation reminders for busy professionals","""2025-10-27T15:44:38.581Z"""
"cd7d361e-4115-4032-b614-c090aa0a6b09","124b8466-b28b-4f16-842d-5ddae992ddd4","film ""chien 51""","film ""chien 51""","""2025-11-10T07:44:43.048Z"""
"ce164062-e0a8-4af0-9444-9156202d2ee8","e1aaf66a-c4b2-4bd7-a158-c79564d41fbf",,"Voice-commanded online research assistant for seniors","""2025-10-27T11:19:37.823Z"""
"ce529f5c-682c-4f7d-af45-d8a75601059c","afa34fb5-4d22-4ab7-adc9-19336d12a452",,"Interactive language tutor for new immigrants","""2025-10-27T15:50:55.588Z"""
"cedf6755-e4aa-4566-9472-35d6619bc41a","e1aaf66a-c4b2-4bd7-a158-c79564d41fbf",,"Option comparison tool for freelance copywriters","""2025-10-27T15:15:40.299Z"""
"d1836517-0f28-4f31-af34-255a1fc818dd","e1aaf66a-c4b2-4bd7-a158-c79564d41fbf","loafers","loafers","""2025-10-28T20:55:09.026Z"""
"d2a833bc-6a24-47a7-a3a1-72f5f0daf3d0","e1aaf66a-c4b2-4bd7-a158-c79564d41fbf",,"Data visualization tool for indie hackers' insights","""2025-10-28T13:22:31.404Z"""
"d2d4a51a-695d-454e-843c-4c40f4d1c929","afa34fb5-4d22-4ab7-adc9-19336d12a452","AI math tutor","AI math tutor","""2025-10-27T16:31:47.073Z"""
"d3d0127e-4eb1-490e-9776-ad03bbb7a9e4","afa34fb5-4d22-4ab7-adc9-19336d12a452","AI math tutor","AI math tutor","""2025-10-27T16:47:30.455Z"""
"d56c3edb-2217-4ad6-916d-40605738203c","afa34fb5-4d22-4ab7-adc9-19336d12a452","algebra tutor","algebra tutor","""2025-10-27T16:21:56.680Z"""
"d58d624f-4657-4011-811c-fa044ccc721a","cf165fbe-42f9-4384-a3e2-ec581a0357a1","parcel packaging supplies","parcel packaging supplies","""2025-10-28T10:58:29.858Z"""
"d7312174-307a-4f20-a0cd-bf3c29b13913","0cc1f8cb-9c85-4a2e-9bec-7833b720fe56","chanel","chanel","""2025-10-28T11:23:18.904Z"""
"d85aa8de-ea32-41eb-b092-77fcc0928ef1","afa34fb5-4d22-4ab7-adc9-19336d12a452","live tutoring","live tutoring","""2025-10-27T16:00:52.284Z"""
"d8bf804e-a592-4661-aa8b-208dc40bdfbb","afa34fb5-4d22-4ab7-adc9-19336d12a452","algebra tutor online","algebra tutor online","""2025-10-27T16:22:15.673Z"""
"d92a64f1-1539-4f4e-82c4-a719b7d609d0","c87369b3-acd2-4640-8619-285af4c777da","airbnb ai agenrt","airbnb ai agenrt","""2025-10-25T12:07:59.900Z"""
"d98a3887-fda9-418f-9a56-e71b1230b1e4","e1aaf66a-c4b2-4bd7-a158-c79564d41fbf",,"Quality feedback tool for freelance designers' projects","""2025-10-27T15:15:23.026Z"""
"da4b9fd0-6f6d-4af0-a141-b9c776f0c91f","d5afc6d7-58c1-445c-87cc-3e57d8ed24f2",,"Geolocation data access tool for remote startups","""2025-10-25T11:51:50.558Z"""
"dc0fba52-98c5-41fc-a296-464adb94f2c9","7ef390c2-ba59-4d86-a0b6-f5129daa9c1d",,"Affordable meditation timer and tracker for practitioners.","""2025-10-31T11:30:24.147Z"""
"dddd75c2-b959-476f-924b-59e752bf66b8","e1aaf66a-c4b2-4bd7-a158-c79564d41fbf",,"Focus-enhancing dashboard for digital minimalists' productivity.","""2025-10-27T16:29:48.415Z"""
"dfab5b49-9fc7-4f7e-94f7-44956e1857f3","e1aaf66a-c4b2-4bd7-a158-c79564d41fbf",,"Personalized learning path generator for students","""2025-10-27T16:54:32.913Z"""
"e02ba8af-52d9-46cc-95fb-68cf2e173266","d5afc6d7-58c1-445c-87cc-3e57d8ed24f2","partner marketplace","partner marketplace","""2025-10-25T11:48:40.586Z"""
"e1f906da-44dc-44ac-a660-a63f1c383dba","e1aaf66a-c4b2-4bd7-a158-c79564d41fbf",,"Personalized content templates generator for bloggers.","""2025-10-27T15:46:21.916Z"""
"e34d3123-6312-4799-ad2e-5e4512f3934d","afa34fb5-4d22-4ab7-adc9-19336d12a452","AI math tutor for high school students","AI math tutor for high school students","""2025-10-27T16:08:31.501Z"""
"e3bd4a8f-ee5a-4ee5-96ad-7f971d278b1c","afa34fb5-4d22-4ab7-adc9-19336d12a452","vibe code","vibe code","""2025-10-28T14:10:28.746Z"""
"e47a641b-4b36-4c12-9d5c-107aa97216fa","afa34fb5-4d22-4ab7-adc9-19336d12a452","Ai inventory management system for antique shops","Ai inventory management system for antique shops","""2025-10-27T16:23:03.895Z"""
"e4dcabfd-332e-4389-bd26-eaef44ce2c6a","afa34fb5-4d22-4ab7-adc9-19336d12a452","AI math tutor","AI math tutor","""2025-10-27T16:29:20.793Z"""
"e56dfb52-5d74-4c00-86f5-8ed6aa8e573f","e1aaf66a-c4b2-4bd7-a158-c79564d41fbf",,"Motivation tracker for academic research projects","""2025-10-27T16:52:47.784Z"""
"e5f4789c-5eaf-4b30-8693-92161ac3afbc","cf165fbe-42f9-4384-a3e2-ec581a0357a1",,"Carbon footprint calculator for sustainability advocates","""2025-10-28T10:56:21.282Z"""
"e6287012-1c66-47e7-800e-fc5225f0cc27","afa34fb5-4d22-4ab7-adc9-19336d12a452","ai english tutor app","ai english tutor app","""2025-10-27T16:02:33.450Z"""
"e8709c3c-4141-43c5-9701-eb639b73606e","afa34fb5-4d22-4ab7-adc9-19336d12a452",,"Automated keyword research tool for freelance SEO specialists","""2025-10-28T14:11:05.202Z"""
"e9d80a11-dd37-440d-82ff-cb89110d669e","afa34fb5-4d22-4ab7-adc9-19336d12a452","ai algebra tutor","ai algebra tutor","""2025-10-27T16:20:54.340Z"""
"ea1521f1-070c-4da9-a804-8967fa6d35e0","afa34fb5-4d22-4ab7-adc9-19336d12a452","math tutor ai","math tutor ai","""2025-10-27T16:19:02.495Z"""
"ea47dc34-4edd-4ad3-af97-39b063e162a8","cf165fbe-42f9-4384-a3e2-ec581a0357a1","parcel insert","parcel insert","""2025-10-28T10:59:03.237Z"""
"ec19f22a-7691-4d63-8631-8392bd7426c8","e1aaf66a-c4b2-4bd7-a158-c79564d41fbf",,"Integrated study planner for university students' courses","""2025-10-27T14:32:32.377Z"""
"ece03466-0ca7-4728-9a13-bfcc24c8fe1c","afa34fb5-4d22-4ab7-adc9-19336d12a452","ai math tutor","ai math tutor","""2025-10-27T16:16:36.472Z"""
"ef5c7d08-93ff-4775-b477-546f3019bd1f","124b8466-b28b-4f16-842d-5ddae992ddd4","trends on movie ""chien 51""","trends on movie ""chien 51""","""2025-11-10T07:46:39.834Z"""
"f02a4d7c-ce01-48bc-b6b6-c89a02b44808","e1aaf66a-c4b2-4bd7-a158-c79564d41fbf","oxfords and derbies","oxfords and derbies","""2025-10-28T20:54:20.867Z"""
"f20b3d8b-0cf2-420b-a66c-6910591299b7","e1aaf66a-c4b2-4bd7-a158-c79564d41fbf",,"Pricing calculator tool for personal trainers' services.","""2025-10-27T16:54:14.996Z"""
"f2a40506-3e21-405c-a659-8041b45a66a7","e1aaf66a-c4b2-4bd7-a158-c79564d41fbf","Automated quizz generator","Automated quizz generator","""2025-10-27T16:55:38.667Z"""
"f4d39b54-62e7-4bd3-a361-6c3e297dcbc7","e1aaf66a-c4b2-4bd7-a158-c79564d41fbf",,"Affordable meal planner for busy single parents","""2025-10-27T21:51:07.294Z"""
"f4f56557-6f77-4d31-b450-6967f6b58954","e1aaf66a-c4b2-4bd7-a158-c79564d41fbf",,"Pricing negotiation assistant for consulting professionals","""2025-10-27T09:44:31.105Z"""
"f69a5cbb-a337-4845-ac69-9798e821a2f3","e1aaf66a-c4b2-4bd7-a158-c79564d41fbf",,"Personalized learning plans for busy parents' children","""2025-10-27T14:45:43.161Z"""
"fa51e134-26f8-42dd-b6e5-dc90c22a006f","afa34fb5-4d22-4ab7-adc9-19336d12a452",,"Personalized learning paths for solo researchers","""2025-10-27T15:50:40.427Z"""
"fa9e8cf1-20a0-498e-acd6-a9a2f3904c9a","0cc1f8cb-9c85-4a2e-9bec-7833b720fe56","lvmh","lvmh","""2025-10-28T11:23:12.517Z"""
"fad73e46-61b1-4538-b081-966a57355be5","d5afc6d7-58c1-445c-87cc-3e57d8ed24f2","saas purchasing","saas purchasing","""2025-10-25T11:47:14.419Z"""
"fbbc8710-e545-48e5-b078-043c0c5c1367","cf165fbe-42f9-4384-a3e2-ec581a0357a1","Shared 2FA for team","Shared 2FA for team","""2025-10-28T11:02:23.196Z"""
"fc6d2688-e013-4bdf-acf7-d21331eadf27","80c33902-dde7-4c27-8426-74761d04a686","social media automation","social media automation","""2025-11-03T20:08:25.030Z"""
"fe181c52-82de-4e19-9953-43c350303806","e1aaf66a-c4b2-4bd7-a158-c79564d41fbf",,"Expense tracker app for university students' projects","""2025-10-27T14:39:37.706Z"""
"fe7ec044-0143-4588-a726-117425db16fe","e1aaf66a-c4b2-4bd7-a158-c79564d41fbf",,"Memory helper for YouTubers to retain content","""2025-10-28T13:21:51.433Z"""
"ffb489dd-5257-4b77-8361-951167f444aa","c87369b3-acd2-4640-8619-285af4c777da","automate your airbnb listing","automate your airbnb listing","""2025-10-25T12:07:47.889Z"""